Gateway,Source,Website,Android App,iOS App,Tranco NK2W,Tranco JX5LY,Crawl start,Crawl end,Span in days,DPNs
99dark.com,Google,https://99dark.com/,com.tsoft.moshnumbers,,1667776,,2021-05-07,2022-04-08,336,1151
bfkdim.com,Google,https://www.bfkdim.com/,,,1398729,843663,2021-04-29,2021-05-06,7,64
bulk-pva.com,Google,https://bulk-pva.com/,,,,,2021-04-30,2021-12-26,240,3
cloakmobile.com,Google,https://cloakmobile.com/,,,,1091689,2021-04-29,2021-05-12,13,19
freebulksmsonline.com,Tranco,https://freebulksmsonline.com/,,,929019,1634305,2021-04-28,2022-04-08,345,501
freephonenum.com,Tranco,https://freephonenum.com/,,,137456,142760,2021-04-22,2022-04-08,351,10
getfreesmsnumber.com,Tranco,https://getfreesmsnumber.com/,com.getfreesmsnumber.virtualsim,,239084,265684,2021-04-27,2022-03-30,337,907
onlinesim.io,Google,https://onlinesim.io/,,,489811,110007,2021-04-22,2022-04-08,351,769
receive-sms-online.com,Tranco,https://receive-sms-online.com/,,,231958,311557,2021-04-29,2021-07-04,66,7
receive-sms-online.info,Tranco,https://receive-sms-online.info/,com.smsreceive,,84539,91030,2021-04-21,2022-04-08,352,369
receive-sms.com,Tranco,https://receive-sms.com/,,,280608,294938,2021-04-28,2022-04-08,345,58
receive-smss.com,Tranco,https://receive-smss.com,com.jb.receivesms,,67387,43832,2021-04-20,2022-04-08,353,420
receivefreesms.net,Tranco,https://receivefreesms.net/,com.cicklow.receivesmsonline,,574376,859027,2021-04-22,2022-04-08,351,28
receivesms.cc,Tranco,https://receivesms.cc/,,,718244,856996,2021-04-20,2022-04-08,353,56
receivesms.co,Tranco,https://www.receivesms.co/,,,92455,77924,2021-04-23,2022-04-08,350,41
receivesms.org,Tranco,https://www.receivesms.org/,,,440164,267801,2021-04-22,2022-04-08,351,16
sms-online.co,Tranco,https://sms-online.co/,,,326880,292572,2021-04-21,2022-02-10,295,5
sms-receive.com,Tranco,https://sms-receive.com/,,,2708749,3114789,2021-07-02,2021-10-05,95,5
sms-receive.net,Tranco,https://sms-receive.net/,,,304608,460915,2021-04-23,2022-04-08,350,247
sms-verification.online,Tranco,https://sms-verification.online/,com.baboon.sms.receiver.online,,2833709,,2021-05-06,2022-04-08,337,22
sms.sellaite.com,Google,http://sms.sellaite.com/,,,,,2021-04-26,2022-04-08,347,12
sms.visatk.com,Google,https://sms.visatk.com/,,,,,2021-05-05,2022-04-05,335,294
smsfinders.com,Google,https://smsfinders.com/,,,,,2021-04-29,2022-04-08,344,6
smsfree.cc,Google,https://receive-sms.cc/,com.receivesms.online,,,,2021-04-28,2022-04-08,345,4733
temp-sms.org,Tranco,https://temp-sms.org/,,,1024272,1968556,2021-05-06,2022-01-08,247,25
temp99.com,Google,https://www.temp-number.com/,com.tempnumber.Temp_Number.Temp_Number,,2464339,,2021-05-07,2022-04-08,336,8852
tempsms.net,Tranco,https://tempsms.net/,com.tempsms,,1663789,,2021-05-10,2022-04-01,326,12
virtnumber.com,Google,https://www.virtnumber.com/,,,950594,3108051,2021-04-30,2022-04-08,343,66
www.spoofbox.com,Google,https://www.spoofbox.com/,de.rtsmedia.mytrashmobile,id1102835613,198397,,2021-05-10,2022-04-08,333,8
